"State","Year.x","Pre_Post_Parity","Group_Time_Period","AccesstoParity","Group_Time_Period2"
"Alabama",1990,"Pre-Pairty","NoTreatPre-Period",2001,"TreatPre-Period"
"Alabama",1991,"Pre-Pairty","NoTreatPre-Period",2001,"TreatPre-Period"
"Alabama",1992,"Pre-Pairty","NoTreatPre-Period",2001,"TreatPre-Period"
"Alabama",1993,"Pre-Pairty","NoTreatPre-Period",2001,"TreatPre-Period"
"Alabama",1994,"Pre-Pairty","NoTreatPre-Period",2001,"TreatPre-Period"
"Alabama",1995,"Pre-Pairty","NoTreatPre-Period",2001,"TreatPre-Period"
"Alabama",1996,"Pre-Pairty","NoTreatPre-Period",2001,"TreatPre-Period"
"Alabama",1997,"Pre-Pairty","NoTreatPre-Period",2001,"TreatPre-Period"
"Alabama",1998,"Pre-Pairty","NoTreatPre-Period",2001,"TreatPost-Period"
"Alabama",1999,"Pre-Pairty","NoTreatPre-Period",2001,"TreatPost-Period"
"Alabama",2000,"Pre-Pairty","NoTreatPre-Period",2001,"TreatPost-Period"
"Alabama",2001,"Post-Parity","NoTreatPre-Period",2001,"TreatPost-Period"
"Alabama",2002,"Post-Parity","NoTreatPre-Period",2001,"TreatPost-Period"
"Alabama",2003,"Post-Parity","NoTreatPre-Period",2001,"TreatPost-Period"
"Alabama",2004,"Post-Parity","NoTreatPre-Period",2001,"TreatPost-Period"
"Alaska",1990,"No-Parity","NoTreatPre-Period",0,"TreatPre-Period"
"Alaska",1991,"No-Parity","NoTreatPre-Period",0,"TreatPre-Period"
"Alaska",1992,"No-Parity","NoTreatPre-Period",0,"TreatPre-Period"
"Alaska",1993,"No-Parity","NoTreatPre-Period",0,"TreatPre-Period"
"Alaska",1994,"No-Parity","NoTreatPre-Period",0,"TreatPre-Period"
"Alaska",1995,"No-Parity","NoTreatPre-Period",0,"TreatPre-Period"
"Alaska",1996,"No-Parity","NoTreatPre-Period",0,"TreatPre-Period"
"Alaska",1997,"No-Parity","NoTreatPre-Period",0,"TreatPre-Period"
"Alaska",1998,"No-Parity","NoTreatPost-Period",0,"TreatPre-Period"
"Alaska",1999,"No-Parity","NoTreatPost-Period",0,"TreatPre-Period"
"Alaska",2000,"No-Parity","NoTreatPost-Period",0,"TreatPre-Period"
"Alaska",2001,"No-Parity","NoTreatPost-Period",0,"TreatPre-Period"
"Alaska",2002,"No-Parity","NoTreatPost-Period",0,"TreatPre-Period"
"Alaska",2003,"No-Parity","NoTreatPost-Period",0,"TreatPre-Period"
"Alaska",2004,"No-Parity","NoTreatPost-Period",0,"TreatPre-Period"
"Arizona",1990,"No-Parity","NoTreatPre-Period",0,"TreatPre-Period"
"Arizona",1991,"No-Parity","NoTreatPre-Period",0,"TreatPre-Period"
"Arizona",1992,"No-Parity","NoTreatPre-Period",0,"TreatPre-Period"
"Arizona",1993,"No-Parity","NoTreatPre-Period",0,"TreatPre-Period"
"Arizona",1994,"No-Parity","NoTreatPre-Period",0,"TreatPre-Period"
"Arizona",1995,"No-Parity","NoTreatPre-Period",0,"TreatPre-Period"
"Arizona",1996,"No-Parity","NoTreatPre-Period",0,"TreatPre-Period"
"Arizona",1997,"No-Parity","NoTreatPre-Period",0,"TreatPre-Period"
"Arizona",1998,"No-Parity","NoTreatPost-Period",0,"TreatPre-Period"
"Arizona",1999,"No-Parity","NoTreatPost-Period",0,"TreatPre-Period"
"Arizona",2000,"No-Parity","NoTreatPost-Period",0,"TreatPre-Period"
"Arizona",2001,"No-Parity","NoTreatPost-Period",0,"TreatPre-Period"
"Arizona",2002,"No-Parity","NoTreatPost-Period",0,"TreatPre-Period"
"Arizona",2003,"No-Parity","NoTreatPost-Period",0,"TreatPre-Period"
"Arizona",2004,"No-Parity","NoTreatPost-Period",0,"TreatPre-Period"
"Arkansas",1990,"Pre-Pairty","NoTreatPre-Period",1997,"TreatPre-Period"
"Arkansas",1991,"Pre-Pairty","NoTreatPre-Period",1997,"TreatPre-Period"
"Arkansas",1992,"Pre-Pairty","NoTreatPre-Period",1997,"TreatPre-Period"
"Arkansas",1993,"Pre-Pairty","NoTreatPre-Period",1997,"TreatPre-Period"
"Arkansas",1994,"Pre-Pairty","NoTreatPre-Period",1997,"TreatPre-Period"
"Arkansas",1995,"Pre-Pairty","NoTreatPre-Period",1997,"TreatPre-Period"
"Arkansas",1996,"Pre-Pairty","NoTreatPre-Period",1997,"TreatPre-Period"
"Arkansas",1997,"Post-Parity","NoTreatPre-Period",1997,"TreatPre-Period"
"Arkansas",1998,"Post-Parity","NoTreatPre-Period",1997,"TreatPost-Period"
"Arkansas",1999,"Post-Parity","NoTreatPre-Period",1997,"TreatPost-Period"
"Arkansas",2000,"Post-Parity","NoTreatPre-Period",1997,"TreatPost-Period"
"Arkansas",2001,"Post-Parity","NoTreatPre-Period",1997,"TreatPost-Period"
"Arkansas",2002,"Post-Parity","NoTreatPre-Period",1997,"TreatPost-Period"
"Arkansas",2003,"Post-Parity","NoTreatPre-Period",1997,"TreatPost-Period"
"Arkansas",2004,"Post-Parity","NoTreatPre-Period",1997,"TreatPost-Period"
"California",1990,"Pre-Pairty","NoTreatPre-Period",2000,"TreatPre-Period"
"California",1991,"Pre-Pairty","NoTreatPre-Period",2000,"TreatPre-Period"
"California",1992,"Pre-Pairty","NoTreatPre-Period",2000,"TreatPre-Period"
"California",1993,"Pre-Pairty","NoTreatPre-Period",2000,"TreatPre-Period"
"California",1994,"Pre-Pairty","NoTreatPre-Period",2000,"TreatPre-Period"
"California",1995,"Pre-Pairty","NoTreatPre-Period",2000,"TreatPre-Period"
"California",1996,"Pre-Pairty","NoTreatPre-Period",2000,"TreatPre-Period"
"California",1997,"Pre-Pairty","NoTreatPre-Period",2000,"TreatPre-Period"
"California",1998,"Pre-Pairty","NoTreatPre-Period",2000,"TreatPost-Period"
"California",1999,"Pre-Pairty","NoTreatPre-Period",2000,"TreatPost-Period"
"California",2000,"Post-Parity","NoTreatPre-Period",2000,"TreatPost-Period"
"California",2001,"Post-Parity","NoTreatPre-Period",2000,"TreatPost-Period"
"California",2002,"Post-Parity","NoTreatPre-Period",2000,"TreatPost-Period"
"California",2003,"Post-Parity","NoTreatPre-Period",2000,"TreatPost-Period"
"California",2004,"Post-Parity","NoTreatPre-Period",2000,"TreatPost-Period"
"Colorado",1990,"Pre-Pairty","NoTreatPre-Period",1998,"TreatPre-Period"
"Colorado",1991,"Pre-Pairty","NoTreatPre-Period",1998,"TreatPre-Period"
"Colorado",1992,"Pre-Pairty","NoTreatPre-Period",1998,"TreatPre-Period"
"Colorado",1993,"Pre-Pairty","NoTreatPre-Period",1998,"TreatPre-Period"
"Colorado",1994,"Pre-Pairty","NoTreatPre-Period",1998,"TreatPre-Period"
"Colorado",1995,"Pre-Pairty","NoTreatPre-Period",1998,"TreatPre-Period"
"Colorado",1996,"Pre-Pairty","NoTreatPre-Period",1998,"TreatPre-Period"
"Colorado",1997,"Pre-Pairty","NoTreatPre-Period",1998,"TreatPre-Period"
"Colorado",1998,"Post-Parity","NoTreatPre-Period",1998,"TreatPost-Period"
"Colorado",1999,"Post-Parity","NoTreatPre-Period",1998,"TreatPost-Period"
"Colorado",2000,"Post-Parity","NoTreatPre-Period",1998,"TreatPost-Period"
"Colorado",2001,"Post-Parity","NoTreatPre-Period",1998,"TreatPost-Period"
"Colorado",2002,"Post-Parity","NoTreatPre-Period",1998,"TreatPost-Period"
"Colorado",2003,"Post-Parity","NoTreatPre-Period",1998,"TreatPost-Period"
"Colorado",2004,"Post-Parity","NoTreatPre-Period",1998,"TreatPost-Period"
"Connecticut",1990,"Pre-Pairty","NoTreatPre-Period",2000,"TreatPre-Period"
"Connecticut",1991,"Pre-Pairty","NoTreatPre-Period",2000,"TreatPre-Period"
"Connecticut",1992,"Pre-Pairty","NoTreatPre-Period",2000,"TreatPre-Period"
"Connecticut",1993,"Pre-Pairty","NoTreatPre-Period",2000,"TreatPre-Period"
"Connecticut",1994,"Pre-Pairty","NoTreatPre-Period",2000,"TreatPre-Period"
"Connecticut",1995,"Pre-Pairty","NoTreatPre-Period",2000,"TreatPre-Period"
"Connecticut",1996,"Pre-Pairty","NoTreatPre-Period",2000,"TreatPre-Period"
"Connecticut",1997,"Pre-Pairty","NoTreatPre-Period",2000,"TreatPre-Period"
"Connecticut",1998,"Pre-Pairty","NoTreatPre-Period",2000,"TreatPost-Period"
"Connecticut",1999,"Pre-Pairty","NoTreatPre-Period",2000,"TreatPost-Period"
"Connecticut",2000,"Post-Parity","NoTreatPre-Period",2000,"TreatPost-Period"
"Connecticut",2001,"Post-Parity","NoTreatPre-Period",2000,"TreatPost-Period"
"Connecticut",2002,"Post-Parity","NoTreatPre-Period",2000,"TreatPost-Period"
"Connecticut",2003,"Post-Parity","NoTreatPre-Period",2000,"TreatPost-Period"
"Connecticut",2004,"Post-Parity","NoTreatPre-Period",2000,"TreatPost-Period"
"Delaware",1990,"Pre-Pairty","NoTreatPre-Period",1999,"TreatPre-Period"
"Delaware",1991,"Pre-Pairty","NoTreatPre-Period",1999,"TreatPre-Period"
"Delaware",1992,"Pre-Pairty","NoTreatPre-Period",1999,"TreatPre-Period"
"Delaware",1993,"Pre-Pairty","NoTreatPre-Period",1999,"TreatPre-Period"
"Delaware",1994,"Pre-Pairty","NoTreatPre-Period",1999,"TreatPre-Period"
"Delaware",1995,"Pre-Pairty","NoTreatPre-Period",1999,"TreatPre-Period"
"Delaware",1996,"Pre-Pairty","NoTreatPre-Period",1999,"TreatPre-Period"
"Delaware",1997,"Pre-Pairty","NoTreatPre-Period",1999,"TreatPre-Period"
"Delaware",1998,"Pre-Pairty","NoTreatPre-Period",1999,"TreatPost-Period"
"Delaware",1999,"Post-Parity","NoTreatPre-Period",1999,"TreatPost-Period"
"Delaware",2000,"Post-Parity","NoTreatPre-Period",1999,"TreatPost-Period"
"Delaware",2001,"Post-Parity","NoTreatPre-Period",1999,"TreatPost-Period"
"Delaware",2002,"Post-Parity","NoTreatPre-Period",1999,"TreatPost-Period"
"Delaware",2003,"Post-Parity","NoTreatPre-Period",1999,"TreatPost-Period"
"Delaware",2004,"Post-Parity","NoTreatPre-Period",1999,"TreatPost-Period"
"District of Columbia",1990,"No-Parity","NoTreatPre-Period",0,"TreatPre-Period"
"District of Columbia",1991,"No-Parity","NoTreatPre-Period",0,"TreatPre-Period"
"District of Columbia",1992,"No-Parity","NoTreatPre-Period",0,"TreatPre-Period"
"District of Columbia",1993,"No-Parity","NoTreatPre-Period",0,"TreatPre-Period"
"District of Columbia",1994,"No-Parity","NoTreatPre-Period",0,"TreatPre-Period"
"District of Columbia",1995,"No-Parity","NoTreatPre-Period",0,"TreatPre-Period"
"District of Columbia",1996,"No-Parity","NoTreatPre-Period",0,"TreatPre-Period"
"District of Columbia",1997,"No-Parity","NoTreatPre-Period",0,"TreatPre-Period"
"District of Columbia",1998,"No-Parity","NoTreatPost-Period",0,"TreatPre-Period"
"District of Columbia",1999,"No-Parity","NoTreatPost-Period",0,"TreatPre-Period"
"District of Columbia",2000,"No-Parity","NoTreatPost-Period",0,"TreatPre-Period"
"District of Columbia",2001,"No-Parity","NoTreatPost-Period",0,"TreatPre-Period"
"District of Columbia",2002,"No-Parity","NoTreatPost-Period",0,"TreatPre-Period"
"District of Columbia",2003,"No-Parity","NoTreatPost-Period",0,"TreatPre-Period"
"District of Columbia",2004,"No-Parity","NoTreatPost-Period",0,"TreatPre-Period"
"Florida",1990,"No-Parity","NoTreatPre-Period",0,"TreatPre-Period"
"Florida",1991,"No-Parity","NoTreatPre-Period",0,"TreatPre-Period"
"Florida",1992,"No-Parity","NoTreatPre-Period",0,"TreatPre-Period"
"Florida",1993,"No-Parity","NoTreatPre-Period",0,"TreatPre-Period"
"Florida",1994,"No-Parity","NoTreatPre-Period",0,"TreatPre-Period"
"Florida",1995,"No-Parity","NoTreatPre-Period",0,"TreatPre-Period"
"Florida",1996,"No-Parity","NoTreatPre-Period",0,"TreatPre-Period"
"Florida",1997,"No-Parity","NoTreatPre-Period",0,"TreatPre-Period"
"Florida",1998,"No-Parity","NoTreatPost-Period",0,"TreatPre-Period"
"Florida",1999,"No-Parity","NoTreatPost-Period",0,"TreatPre-Period"
"Florida",2000,"No-Parity","NoTreatPost-Period",0,"TreatPre-Period"
"Florida",2001,"No-Parity","NoTreatPost-Period",0,"TreatPre-Period"
"Florida",2002,"No-Parity","NoTreatPost-Period",0,"TreatPre-Period"
"Florida",2003,"No-Parity","NoTreatPost-Period",0,"TreatPre-Period"
"Florida",2004,"No-Parity","NoTreatPost-Period",0,"TreatPre-Period"
"Georgia",1990,"Pre-Pairty","NoTreatPre-Period",1998,"TreatPre-Period"
"Georgia",1991,"Pre-Pairty","NoTreatPre-Period",1998,"TreatPre-Period"
"Georgia",1992,"Pre-Pairty","NoTreatPre-Period",1998,"TreatPre-Period"
"Georgia",1993,"Pre-Pairty","NoTreatPre-Period",1998,"TreatPre-Period"
"Georgia",1994,"Pre-Pairty","NoTreatPre-Period",1998,"TreatPre-Period"
"Georgia",1995,"Pre-Pairty","NoTreatPre-Period",1998,"TreatPre-Period"
"Georgia",1996,"Pre-Pairty","NoTreatPre-Period",1998,"TreatPre-Period"
"Georgia",1997,"Pre-Pairty","NoTreatPre-Period",1998,"TreatPre-Period"
"Georgia",1998,"Post-Parity","NoTreatPre-Period",1998,"TreatPost-Period"
"Georgia",1999,"Post-Parity","NoTreatPre-Period",1998,"TreatPost-Period"
"Georgia",2000,"Post-Parity","NoTreatPre-Period",1998,"TreatPost-Period"
"Georgia",2001,"Post-Parity","NoTreatPre-Period",1998,"TreatPost-Period"
"Georgia",2002,"Post-Parity","NoTreatPre-Period",1998,"TreatPost-Period"
"Georgia",2003,"Post-Parity","NoTreatPre-Period",1998,"TreatPost-Period"
"Georgia",2004,"Post-Parity","NoTreatPre-Period",1998,"TreatPost-Period"
"Hawaii",1990,"Pre-Pairty","NoTreatPre-Period",1999,"TreatPre-Period"
"Hawaii",1991,"Pre-Pairty","NoTreatPre-Period",1999,"TreatPre-Period"
"Hawaii",1992,"Pre-Pairty","NoTreatPre-Period",1999,"TreatPre-Period"
"Hawaii",1993,"Pre-Pairty","NoTreatPre-Period",1999,"TreatPre-Period"
"Hawaii",1994,"Pre-Pairty","NoTreatPre-Period",1999,"TreatPre-Period"
"Hawaii",1995,"Pre-Pairty","NoTreatPre-Period",1999,"TreatPre-Period"
"Hawaii",1996,"Pre-Pairty","NoTreatPre-Period",1999,"TreatPre-Period"
"Hawaii",1997,"Pre-Pairty","NoTreatPre-Period",1999,"TreatPre-Period"
"Hawaii",1998,"Pre-Pairty","NoTreatPre-Period",1999,"TreatPost-Period"
"Hawaii",1999,"Post-Parity","NoTreatPre-Period",1999,"TreatPost-Period"
"Hawaii",2000,"Post-Parity","NoTreatPre-Period",1999,"TreatPost-Period"
"Hawaii",2001,"Post-Parity","NoTreatPre-Period",1999,"TreatPost-Period"
"Hawaii",2002,"Post-Parity","NoTreatPre-Period",1999,"TreatPost-Period"
"Hawaii",2003,"Post-Parity","NoTreatPre-Period",1999,"TreatPost-Period"
"Hawaii",2004,"Post-Parity","NoTreatPre-Period",1999,"TreatPost-Period"
"Idaho",1990,"No-Parity","NoTreatPre-Period",0,"TreatPre-Period"
"Idaho",1991,"No-Parity","NoTreatPre-Period",0,"TreatPre-Period"
"Idaho",1992,"No-Parity","NoTreatPre-Period",0,"TreatPre-Period"
"Idaho",1993,"No-Parity","NoTreatPre-Period",0,"TreatPre-Period"
"Idaho",1994,"No-Parity","NoTreatPre-Period",0,"TreatPre-Period"
"Idaho",1995,"No-Parity","NoTreatPre-Period",0,"TreatPre-Period"
"Idaho",1996,"No-Parity","NoTreatPre-Period",0,"TreatPre-Period"
"Idaho",1997,"No-Parity","NoTreatPre-Period",0,"TreatPre-Period"
"Idaho",1998,"No-Parity","NoTreatPost-Period",0,"TreatPre-Period"
"Idaho",1999,"No-Parity","NoTreatPost-Period",0,"TreatPre-Period"
"Idaho",2000,"No-Parity","NoTreatPost-Period",0,"TreatPre-Period"
"Idaho",2001,"No-Parity","NoTreatPost-Period",0,"TreatPre-Period"
"Idaho",2002,"No-Parity","NoTreatPost-Period",0,"TreatPre-Period"
"Idaho",2003,"No-Parity","NoTreatPost-Period",0,"TreatPre-Period"
"Idaho",2004,"No-Parity","NoTreatPost-Period",0,"TreatPre-Period"
"Illinois",1990,"Pre-Pairty","NoTreatPre-Period",2002,"TreatPre-Period"
"Illinois",1991,"Pre-Pairty","NoTreatPre-Period",2002,"TreatPre-Period"
"Illinois",1992,"Pre-Pairty","NoTreatPre-Period",2002,"TreatPre-Period"
"Illinois",1993,"Pre-Pairty","NoTreatPre-Period",2002,"TreatPre-Period"
"Illinois",1994,"Pre-Pairty","NoTreatPre-Period",2002,"TreatPre-Period"
"Illinois",1995,"Pre-Pairty","NoTreatPre-Period",2002,"TreatPre-Period"
"Illinois",1996,"Pre-Pairty","NoTreatPre-Period",2002,"TreatPre-Period"
"Illinois",1997,"Pre-Pairty","NoTreatPre-Period",2002,"TreatPre-Period"
"Illinois",1998,"Pre-Pairty","NoTreatPre-Period",2002,"TreatPost-Period"
"Illinois",1999,"Pre-Pairty","NoTreatPre-Period",2002,"TreatPost-Period"
"Illinois",2000,"Pre-Pairty","NoTreatPre-Period",2002,"TreatPost-Period"
"Illinois",2001,"Pre-Pairty","NoTreatPre-Period",2002,"TreatPost-Period"
"Illinois",2002,"Post-Parity","NoTreatPre-Period",2002,"TreatPost-Period"
"Illinois",2003,"Post-Parity","NoTreatPre-Period",2002,"TreatPost-Period"
"Illinois",2004,"Post-Parity","NoTreatPre-Period",2002,"TreatPost-Period"
"Indiana",1990,"No-Parity","NoTreatPre-Period",0,"TreatPre-Period"
"Indiana",1991,"No-Parity","NoTreatPre-Period",0,"TreatPre-Period"
"Indiana",1992,"No-Parity","NoTreatPre-Period",0,"TreatPre-Period"
"Indiana",1993,"No-Parity","NoTreatPre-Period",0,"TreatPre-Period"
"Indiana",1994,"No-Parity","NoTreatPre-Period",0,"TreatPre-Period"
"Indiana",1995,"No-Parity","NoTreatPre-Period",0,"TreatPre-Period"
"Indiana",1996,"No-Parity","NoTreatPre-Period",0,"TreatPre-Period"
"Indiana",1997,"No-Parity","NoTreatPre-Period",0,"TreatPre-Period"
"Indiana",1998,"No-Parity","NoTreatPost-Period",0,"TreatPre-Period"
"Indiana",1999,"No-Parity","NoTreatPost-Period",0,"TreatPre-Period"
"Indiana",2000,"No-Parity","NoTreatPost-Period",0,"TreatPre-Period"
"Indiana",2001,"No-Parity","NoTreatPost-Period",0,"TreatPre-Period"
"Indiana",2002,"No-Parity","NoTreatPost-Period",0,"TreatPre-Period"
"Indiana",2003,"No-Parity","NoTreatPost-Period",0,"TreatPre-Period"
"Indiana",2004,"No-Parity","NoTreatPost-Period",0,"TreatPre-Period"
"Iowa",1990,"No-Parity","NoTreatPre-Period",0,"TreatPre-Period"
"Iowa",1991,"No-Parity","NoTreatPre-Period",0,"TreatPre-Period"
"Iowa",1992,"No-Parity","NoTreatPre-Period",0,"TreatPre-Period"
"Iowa",1993,"No-Parity","NoTreatPre-Period",0,"TreatPre-Period"
"Iowa",1994,"No-Parity","NoTreatPre-Period",0,"TreatPre-Period"
"Iowa",1995,"No-Parity","NoTreatPre-Period",0,"TreatPre-Period"
"Iowa",1996,"No-Parity","NoTreatPre-Period",0,"TreatPre-Period"
"Iowa",1997,"No-Parity","NoTreatPre-Period",0,"TreatPre-Period"
"Iowa",1998,"No-Parity","NoTreatPost-Period",0,"TreatPre-Period"
"Iowa",1999,"No-Parity","NoTreatPost-Period",0,"TreatPre-Period"
"Iowa",2000,"No-Parity","NoTreatPost-Period",0,"TreatPre-Period"
"Iowa",2001,"No-Parity","NoTreatPost-Period",0,"TreatPre-Period"
"Iowa",2002,"No-Parity","NoTreatPost-Period",0,"TreatPre-Period"
"Iowa",2003,"No-Parity","NoTreatPost-Period",0,"TreatPre-Period"
"Iowa",2004,"No-Parity","NoTreatPost-Period",0,"TreatPre-Period"
"Kansas",1990,"Pre-Pairty","NoTreatPre-Period",2002,"TreatPre-Period"
"Kansas",1991,"Pre-Pairty","NoTreatPre-Period",2002,"TreatPre-Period"
"Kansas",1992,"Pre-Pairty","NoTreatPre-Period",2002,"TreatPre-Period"
"Kansas",1993,"Pre-Pairty","NoTreatPre-Period",2002,"TreatPre-Period"
"Kansas",1994,"Pre-Pairty","NoTreatPre-Period",2002,"TreatPre-Period"
"Kansas",1995,"Pre-Pairty","NoTreatPre-Period",2002,"TreatPre-Period"
"Kansas",1996,"Pre-Pairty","NoTreatPre-Period",2002,"TreatPre-Period"
"Kansas",1997,"Pre-Pairty","NoTreatPre-Period",2002,"TreatPre-Period"
"Kansas",1998,"Pre-Pairty","NoTreatPre-Period",2002,"TreatPost-Period"
"Kansas",1999,"Pre-Pairty","NoTreatPre-Period",2002,"TreatPost-Period"
"Kansas",2000,"Pre-Pairty","NoTreatPre-Period",2002,"TreatPost-Period"
"Kansas",2001,"Pre-Pairty","NoTreatPre-Period",2002,"TreatPost-Period"
"Kansas",2002,"Post-Parity","NoTreatPre-Period",2002,"TreatPost-Period"
"Kansas",2003,"Post-Parity","NoTreatPre-Period",2002,"TreatPost-Period"
"Kansas",2004,"Post-Parity","NoTreatPre-Period",2002,"TreatPost-Period"
"Kentucky",1990,"No-Parity","NoTreatPre-Period",0,"TreatPre-Period"
"Kentucky",1991,"No-Parity","NoTreatPre-Period",0,"TreatPre-Period"
"Kentucky",1992,"No-Parity","NoTreatPre-Period",0,"TreatPre-Period"
"Kentucky",1993,"No-Parity","NoTreatPre-Period",0,"TreatPre-Period"
"Kentucky",1994,"No-Parity","NoTreatPre-Period",0,"TreatPre-Period"
"Kentucky",1995,"No-Parity","NoTreatPre-Period",0,"TreatPre-Period"
"Kentucky",1996,"No-Parity","NoTreatPre-Period",0,"TreatPre-Period"
"Kentucky",1997,"No-Parity","NoTreatPre-Period",0,"TreatPre-Period"
"Kentucky",1998,"No-Parity","NoTreatPost-Period",0,"TreatPre-Period"
"Kentucky",1999,"No-Parity","NoTreatPost-Period",0,"TreatPre-Period"
"Kentucky",2000,"No-Parity","NoTreatPost-Period",0,"TreatPre-Period"
"Kentucky",2001,"No-Parity","NoTreatPost-Period",0,"TreatPre-Period"
"Kentucky",2002,"No-Parity","NoTreatPost-Period",0,"TreatPre-Period"
"Kentucky",2003,"No-Parity","NoTreatPost-Period",0,"TreatPre-Period"
"Kentucky",2004,"No-Parity","NoTreatPost-Period",0,"TreatPre-Period"
"Louisiana",1990,"Pre-Pairty","NoTreatPre-Period",2001,"TreatPre-Period"
"Louisiana",1991,"Pre-Pairty","NoTreatPre-Period",2001,"TreatPre-Period"
"Louisiana",1992,"Pre-Pairty","NoTreatPre-Period",2001,"TreatPre-Period"
"Louisiana",1993,"Pre-Pairty","NoTreatPre-Period",2001,"TreatPre-Period"
"Louisiana",1994,"Pre-Pairty","NoTreatPre-Period",2001,"TreatPre-Period"
"Louisiana",1995,"Pre-Pairty","NoTreatPre-Period",2001,"TreatPre-Period"
"Louisiana",1996,"Pre-Pairty","NoTreatPre-Period",2001,"TreatPre-Period"
"Louisiana",1997,"Pre-Pairty","NoTreatPre-Period",2001,"TreatPre-Period"
"Louisiana",1998,"Pre-Pairty","NoTreatPre-Period",2001,"TreatPost-Period"
"Louisiana",1999,"Pre-Pairty","NoTreatPre-Period",2001,"TreatPost-Period"
"Louisiana",2000,"Pre-Pairty","NoTreatPre-Period",2001,"TreatPost-Period"
"Louisiana",2001,"Post-Parity","NoTreatPre-Period",2001,"TreatPost-Period"
"Louisiana",2002,"Post-Parity","NoTreatPre-Period",2001,"TreatPost-Period"
"Louisiana",2003,"Post-Parity","NoTreatPre-Period",2001,"TreatPost-Period"
"Louisiana",2004,"Post-Parity","NoTreatPre-Period",2001,"TreatPost-Period"
"Maine",1990,"Pre-Pairty","NoTreatPre-Period",1996,"TreatPre-Period"
"Maine",1991,"Pre-Pairty","NoTreatPre-Period",1996,"TreatPre-Period"
"Maine",1992,"Pre-Pairty","NoTreatPre-Period",1996,"TreatPre-Period"
"Maine",1993,"Pre-Pairty","NoTreatPre-Period",1996,"TreatPre-Period"
"Maine",1994,"Pre-Pairty","NoTreatPre-Period",1996,"TreatPre-Period"
"Maine",1995,"Pre-Pairty","NoTreatPre-Period",1996,"TreatPre-Period"
"Maine",1996,"Post-Parity","NoTreatPre-Period",1996,"TreatPre-Period"
"Maine",1997,"Post-Parity","NoTreatPre-Period",1996,"TreatPre-Period"
"Maine",1998,"Post-Parity","NoTreatPre-Period",1996,"TreatPost-Period"
"Maine",1999,"Post-Parity","NoTreatPre-Period",1996,"TreatPost-Period"
"Maine",2000,"Post-Parity","NoTreatPre-Period",1996,"TreatPost-Period"
"Maine",2001,"Post-Parity","NoTreatPre-Period",1996,"TreatPost-Period"
"Maine",2002,"Post-Parity","NoTreatPre-Period",1996,"TreatPost-Period"
"Maine",2003,"Post-Parity","NoTreatPre-Period",1996,"TreatPost-Period"
"Maine",2004,"Post-Parity","NoTreatPre-Period",1996,"TreatPost-Period"
"Maryland",1990,"Pre-Pairty","NoTreatPre-Period",1995,"TreatPre-Period"
"Maryland",1991,"Pre-Pairty","NoTreatPre-Period",1995,"TreatPre-Period"
"Maryland",1992,"Pre-Pairty","NoTreatPre-Period",1995,"TreatPre-Period"
"Maryland",1993,"Pre-Pairty","NoTreatPre-Period",1995,"TreatPre-Period"
"Maryland",1994,"Pre-Pairty","NoTreatPre-Period",1995,"TreatPre-Period"
"Maryland",1995,"Post-Parity","NoTreatPre-Period",1995,"TreatPre-Period"
"Maryland",1996,"Post-Parity","NoTreatPre-Period",1995,"TreatPre-Period"
"Maryland",1997,"Post-Parity","NoTreatPre-Period",1995,"TreatPre-Period"
"Maryland",1998,"Post-Parity","NoTreatPre-Period",1995,"TreatPost-Period"
"Maryland",1999,"Post-Parity","NoTreatPre-Period",1995,"TreatPost-Period"
"Maryland",2000,"Post-Parity","NoTreatPre-Period",1995,"TreatPost-Period"
"Maryland",2001,"Post-Parity","NoTreatPre-Period",1995,"TreatPost-Period"
"Maryland",2002,"Post-Parity","NoTreatPre-Period",1995,"TreatPost-Period"
"Maryland",2003,"Post-Parity","NoTreatPre-Period",1995,"TreatPost-Period"
"Maryland",2004,"Post-Parity","NoTreatPre-Period",1995,"TreatPost-Period"
"Massachusetts",1990,"Pre-Pairty","NoTreatPre-Period",2002,"TreatPre-Period"
"Massachusetts",1991,"Pre-Pairty","NoTreatPre-Period",2002,"TreatPre-Period"
"Massachusetts",1992,"Pre-Pairty","NoTreatPre-Period",2002,"TreatPre-Period"
"Massachusetts",1993,"Pre-Pairty","NoTreatPre-Period",2002,"TreatPre-Period"
"Massachusetts",1994,"Pre-Pairty","NoTreatPre-Period",2002,"TreatPre-Period"
"Massachusetts",1995,"Pre-Pairty","NoTreatPre-Period",2002,"TreatPre-Period"
"Massachusetts",1996,"Pre-Pairty","NoTreatPre-Period",2002,"TreatPre-Period"
"Massachusetts",1997,"Pre-Pairty","NoTreatPre-Period",2002,"TreatPre-Period"
"Massachusetts",1998,"Pre-Pairty","NoTreatPre-Period",2002,"TreatPost-Period"
"Massachusetts",1999,"Pre-Pairty","NoTreatPre-Period",2002,"TreatPost-Period"
"Massachusetts",2000,"Pre-Pairty","NoTreatPre-Period",2002,"TreatPost-Period"
"Massachusetts",2001,"Pre-Pairty","NoTreatPre-Period",2002,"TreatPost-Period"
"Massachusetts",2002,"Post-Parity","NoTreatPre-Period",2002,"TreatPost-Period"
"Massachusetts",2003,"Post-Parity","NoTreatPre-Period",2002,"TreatPost-Period"
"Massachusetts",2004,"Post-Parity","NoTreatPre-Period",2002,"TreatPost-Period"
"Michigan",1990,"No-Parity","NoTreatPre-Period",0,"TreatPre-Period"
"Michigan",1991,"No-Parity","NoTreatPre-Period",0,"TreatPre-Period"
"Michigan",1992,"No-Parity","NoTreatPre-Period",0,"TreatPre-Period"
"Michigan",1993,"No-Parity","NoTreatPre-Period",0,"TreatPre-Period"
"Michigan",1994,"No-Parity","NoTreatPre-Period",0,"TreatPre-Period"
"Michigan",1995,"No-Parity","NoTreatPre-Period",0,"TreatPre-Period"
"Michigan",1996,"No-Parity","NoTreatPre-Period",0,"TreatPre-Period"
"Michigan",1997,"No-Parity","NoTreatPre-Period",0,"TreatPre-Period"
"Michigan",1998,"No-Parity","NoTreatPost-Period",0,"TreatPre-Period"
"Michigan",1999,"No-Parity","NoTreatPost-Period",0,"TreatPre-Period"
"Michigan",2000,"No-Parity","NoTreatPost-Period",0,"TreatPre-Period"
"Michigan",2001,"No-Parity","NoTreatPost-Period",0,"TreatPre-Period"
"Michigan",2002,"No-Parity","NoTreatPost-Period",0,"TreatPre-Period"
"Michigan",2003,"No-Parity","NoTreatPost-Period",0,"TreatPre-Period"
"Michigan",2004,"No-Parity","NoTreatPost-Period",0,"TreatPre-Period"
"Minnesota",1990,"Pre-Pairty","NoTreatPre-Period",1995,"TreatPre-Period"
"Minnesota",1991,"Pre-Pairty","NoTreatPre-Period",1995,"TreatPre-Period"
"Minnesota",1992,"Pre-Pairty","NoTreatPre-Period",1995,"TreatPre-Period"
"Minnesota",1993,"Pre-Pairty","NoTreatPre-Period",1995,"TreatPre-Period"
"Minnesota",1994,"Pre-Pairty","NoTreatPre-Period",1995,"TreatPre-Period"
"Minnesota",1995,"Post-Parity","NoTreatPre-Period",1995,"TreatPre-Period"
"Minnesota",1996,"Post-Parity","NoTreatPre-Period",1995,"TreatPre-Period"
"Minnesota",1997,"Post-Parity","NoTreatPre-Period",1995,"TreatPre-Period"
"Minnesota",1998,"Post-Parity","NoTreatPre-Period",1995,"TreatPost-Period"
"Minnesota",1999,"Post-Parity","NoTreatPre-Period",1995,"TreatPost-Period"
"Minnesota",2000,"Post-Parity","NoTreatPre-Period",1995,"TreatPost-Period"
"Minnesota",2001,"Post-Parity","NoTreatPre-Period",1995,"TreatPost-Period"
"Minnesota",2002,"Post-Parity","NoTreatPre-Period",1995,"TreatPost-Period"
"Minnesota",2003,"Post-Parity","NoTreatPre-Period",1995,"TreatPost-Period"
"Minnesota",2004,"Post-Parity","NoTreatPre-Period",1995,"TreatPost-Period"
"Mississippi",1990,"No-Parity","NoTreatPre-Period",0,"TreatPre-Period"
"Mississippi",1991,"No-Parity","NoTreatPre-Period",0,"TreatPre-Period"
"Mississippi",1992,"No-Parity","NoTreatPre-Period",0,"TreatPre-Period"
"Mississippi",1993,"No-Parity","NoTreatPre-Period",0,"TreatPre-Period"
"Mississippi",1994,"No-Parity","NoTreatPre-Period",0,"TreatPre-Period"
"Mississippi",1995,"No-Parity","NoTreatPre-Period",0,"TreatPre-Period"
"Mississippi",1996,"No-Parity","NoTreatPre-Period",0,"TreatPre-Period"
"Mississippi",1997,"No-Parity","NoTreatPre-Period",0,"TreatPre-Period"
"Mississippi",1998,"No-Parity","NoTreatPost-Period",0,"TreatPre-Period"
"Mississippi",1999,"No-Parity","NoTreatPost-Period",0,"TreatPre-Period"
"Mississippi",2000,"No-Parity","NoTreatPost-Period",0,"TreatPre-Period"
"Mississippi",2001,"No-Parity","NoTreatPost-Period",0,"TreatPre-Period"
"Mississippi",2002,"No-Parity","NoTreatPost-Period",0,"TreatPre-Period"
"Mississippi",2003,"No-Parity","NoTreatPost-Period",0,"TreatPre-Period"
"Mississippi",2004,"No-Parity","NoTreatPost-Period",0,"TreatPre-Period"
"Missouri",1990,"No-Parity","NoTreatPre-Period",0,"TreatPre-Period"
"Missouri",1991,"No-Parity","NoTreatPre-Period",0,"TreatPre-Period"
"Missouri",1992,"No-Parity","NoTreatPre-Period",0,"TreatPre-Period"
"Missouri",1993,"No-Parity","NoTreatPre-Period",0,"TreatPre-Period"
"Missouri",1994,"No-Parity","NoTreatPre-Period",0,"TreatPre-Period"
"Missouri",1995,"No-Parity","NoTreatPre-Period",0,"TreatPre-Period"
"Missouri",1996,"No-Parity","NoTreatPre-Period",0,"TreatPre-Period"
"Missouri",1997,"No-Parity","NoTreatPre-Period",0,"TreatPre-Period"
"Missouri",1998,"No-Parity","NoTreatPost-Period",0,"TreatPre-Period"
"Missouri",1999,"No-Parity","NoTreatPost-Period",0,"TreatPre-Period"
"Missouri",2000,"No-Parity","NoTreatPost-Period",0,"TreatPre-Period"
"Missouri",2001,"No-Parity","NoTreatPost-Period",0,"TreatPre-Period"
"Missouri",2002,"No-Parity","NoTreatPost-Period",0,"TreatPre-Period"
"Missouri",2003,"No-Parity","NoTreatPost-Period",0,"TreatPre-Period"
"Missouri",2004,"No-Parity","NoTreatPost-Period",0,"TreatPre-Period"
"Montana",1990,"Pre-Pairty","NoTreatPre-Period",2000,"TreatPre-Period"
"Montana",1991,"Pre-Pairty","NoTreatPre-Period",2000,"TreatPre-Period"
"Montana",1992,"Pre-Pairty","NoTreatPre-Period",2000,"TreatPre-Period"
"Montana",1993,"Pre-Pairty","NoTreatPre-Period",2000,"TreatPre-Period"
"Montana",1994,"Pre-Pairty","NoTreatPre-Period",2000,"TreatPre-Period"
"Montana",1995,"Pre-Pairty","NoTreatPre-Period",2000,"TreatPre-Period"
"Montana",1996,"Pre-Pairty","NoTreatPre-Period",2000,"TreatPre-Period"
"Montana",1997,"Pre-Pairty","NoTreatPre-Period",2000,"TreatPre-Period"
"Montana",1998,"Pre-Pairty","NoTreatPre-Period",2000,"TreatPost-Period"
"Montana",1999,"Pre-Pairty","NoTreatPre-Period",2000,"TreatPost-Period"
"Montana",2000,"Post-Parity","NoTreatPre-Period",2000,"TreatPost-Period"
"Montana",2001,"Post-Parity","NoTreatPre-Period",2000,"TreatPost-Period"
"Montana",2002,"Post-Parity","NoTreatPre-Period",2000,"TreatPost-Period"
"Montana",2003,"Post-Parity","NoTreatPre-Period",2000,"TreatPost-Period"
"Montana",2004,"Post-Parity","NoTreatPre-Period",2000,"TreatPost-Period"
"Nebraska",1990,"No-Parity","NoTreatPre-Period",0,"TreatPre-Period"
"Nebraska",1991,"No-Parity","NoTreatPre-Period",0,"TreatPre-Period"
"Nebraska",1992,"No-Parity","NoTreatPre-Period",0,"TreatPre-Period"
"Nebraska",1993,"No-Parity","NoTreatPre-Period",0,"TreatPre-Period"
"Nebraska",1994,"No-Parity","NoTreatPre-Period",0,"TreatPre-Period"
"Nebraska",1995,"No-Parity","NoTreatPre-Period",0,"TreatPre-Period"
"Nebraska",1996,"No-Parity","NoTreatPre-Period",0,"TreatPre-Period"
"Nebraska",1997,"No-Parity","NoTreatPre-Period",0,"TreatPre-Period"
"Nebraska",1998,"No-Parity","NoTreatPost-Period",0,"TreatPre-Period"
"Nebraska",1999,"No-Parity","NoTreatPost-Period",0,"TreatPre-Period"
"Nebraska",2000,"No-Parity","NoTreatPost-Period",0,"TreatPre-Period"
"Nebraska",2001,"No-Parity","NoTreatPost-Period",0,"TreatPre-Period"
"Nebraska",2002,"No-Parity","NoTreatPost-Period",0,"TreatPre-Period"
"Nebraska",2003,"No-Parity","NoTreatPost-Period",0,"TreatPre-Period"
"Nebraska",2004,"No-Parity","NoTreatPost-Period",0,"TreatPre-Period"
"Nevada",1990,"No-Parity","NoTreatPre-Period",0,"TreatPre-Period"
"Nevada",1991,"No-Parity","NoTreatPre-Period",0,"TreatPre-Period"
"Nevada",1992,"No-Parity","NoTreatPre-Period",0,"TreatPre-Period"
"Nevada",1993,"No-Parity","NoTreatPre-Period",0,"TreatPre-Period"
"Nevada",1994,"No-Parity","NoTreatPre-Period",0,"TreatPre-Period"
"Nevada",1995,"No-Parity","NoTreatPre-Period",0,"TreatPre-Period"
"Nevada",1996,"No-Parity","NoTreatPre-Period",0,"TreatPre-Period"
"Nevada",1997,"No-Parity","NoTreatPre-Period",0,"TreatPre-Period"
"Nevada",1998,"No-Parity","NoTreatPost-Period",0,"TreatPre-Period"
"Nevada",1999,"No-Parity","NoTreatPost-Period",0,"TreatPre-Period"
"Nevada",2000,"No-Parity","NoTreatPost-Period",0,"TreatPre-Period"
"Nevada",2001,"No-Parity","NoTreatPost-Period",0,"TreatPre-Period"
"Nevada",2002,"No-Parity","NoTreatPost-Period",0,"TreatPre-Period"
"Nevada",2003,"No-Parity","NoTreatPost-Period",0,"TreatPre-Period"
"Nevada",2004,"No-Parity","NoTreatPost-Period",0,"TreatPre-Period"
"New Hampshire",1990,"Pre-Pairty","NoTreatPre-Period",1995,"TreatPre-Period"
"New Hampshire",1991,"Pre-Pairty","NoTreatPre-Period",1995,"TreatPre-Period"
"New Hampshire",1992,"Pre-Pairty","NoTreatPre-Period",1995,"TreatPre-Period"
"New Hampshire",1993,"Pre-Pairty","NoTreatPre-Period",1995,"TreatPre-Period"
"New Hampshire",1994,"Pre-Pairty","NoTreatPre-Period",1995,"TreatPre-Period"
"New Hampshire",1995,"Post-Parity","NoTreatPre-Period",1995,"TreatPre-Period"
"New Hampshire",1996,"Post-Parity","NoTreatPre-Period",1995,"TreatPre-Period"
"New Hampshire",1997,"Post-Parity","NoTreatPre-Period",1995,"TreatPre-Period"
"New Hampshire",1998,"Post-Parity","NoTreatPre-Period",1995,"TreatPost-Period"
"New Hampshire",1999,"Post-Parity","NoTreatPre-Period",1995,"TreatPost-Period"
"New Hampshire",2000,"Post-Parity","NoTreatPre-Period",1995,"TreatPost-Period"
"New Hampshire",2001,"Post-Parity","NoTreatPre-Period",1995,"TreatPost-Period"
"New Hampshire",2002,"Post-Parity","NoTreatPre-Period",1995,"TreatPost-Period"
"New Hampshire",2003,"Post-Parity","NoTreatPre-Period",1995,"TreatPost-Period"
"New Hampshire",2004,"Post-Parity","NoTreatPre-Period",1995,"TreatPost-Period"
"New Jersey",1990,"Pre-Pairty","NoTreatPre-Period",2000,"TreatPre-Period"
"New Jersey",1991,"Pre-Pairty","NoTreatPre-Period",2000,"TreatPre-Period"
"New Jersey",1992,"Pre-Pairty","NoTreatPre-Period",2000,"TreatPre-Period"
"New Jersey",1993,"Pre-Pairty","NoTreatPre-Period",2000,"TreatPre-Period"
"New Jersey",1994,"Pre-Pairty","NoTreatPre-Period",2000,"TreatPre-Period"
"New Jersey",1995,"Pre-Pairty","NoTreatPre-Period",2000,"TreatPre-Period"
"New Jersey",1996,"Pre-Pairty","NoTreatPre-Period",2000,"TreatPre-Period"
"New Jersey",1997,"Pre-Pairty","NoTreatPre-Period",2000,"TreatPre-Period"
"New Jersey",1998,"Pre-Pairty","NoTreatPre-Period",2000,"TreatPost-Period"
"New Jersey",1999,"Pre-Pairty","NoTreatPre-Period",2000,"TreatPost-Period"
"New Jersey",2000,"Post-Parity","NoTreatPre-Period",2000,"TreatPost-Period"
"New Jersey",2001,"Post-Parity","NoTreatPre-Period",2000,"TreatPost-Period"
"New Jersey",2002,"Post-Parity","NoTreatPre-Period",2000,"TreatPost-Period"
"New Jersey",2003,"Post-Parity","NoTreatPre-Period",2000,"TreatPost-Period"
"New Jersey",2004,"Post-Parity","NoTreatPre-Period",2000,"TreatPost-Period"
"New Mexico",1990,"Pre-Pairty","NoTreatPre-Period",2000,"TreatPre-Period"
"New Mexico",1991,"Pre-Pairty","NoTreatPre-Period",2000,"TreatPre-Period"
"New Mexico",1992,"Pre-Pairty","NoTreatPre-Period",2000,"TreatPre-Period"
"New Mexico",1993,"Pre-Pairty","NoTreatPre-Period",2000,"TreatPre-Period"
"New Mexico",1994,"Pre-Pairty","NoTreatPre-Period",2000,"TreatPre-Period"
"New Mexico",1995,"Pre-Pairty","NoTreatPre-Period",2000,"TreatPre-Period"
"New Mexico",1996,"Pre-Pairty","NoTreatPre-Period",2000,"TreatPre-Period"
"New Mexico",1997,"Pre-Pairty","NoTreatPre-Period",2000,"TreatPre-Period"
"New Mexico",1998,"Pre-Pairty","NoTreatPre-Period",2000,"TreatPost-Period"
"New Mexico",1999,"Pre-Pairty","NoTreatPre-Period",2000,"TreatPost-Period"
"New Mexico",2000,"Post-Parity","NoTreatPre-Period",2000,"TreatPost-Period"
"New Mexico",2001,"Post-Parity","NoTreatPre-Period",2000,"TreatPost-Period"
"New Mexico",2002,"Post-Parity","NoTreatPre-Period",2000,"TreatPost-Period"
"New Mexico",2003,"Post-Parity","NoTreatPre-Period",2000,"TreatPost-Period"
"New Mexico",2004,"Post-Parity","NoTreatPre-Period",2000,"TreatPost-Period"
"New York",1990,"Pre-Pairty","NoTreatPre-Period",1999,"TreatPre-Period"
"New York",1991,"Pre-Pairty","NoTreatPre-Period",1999,"TreatPre-Period"
"New York",1992,"Pre-Pairty","NoTreatPre-Period",1999,"TreatPre-Period"
"New York",1993,"Pre-Pairty","NoTreatPre-Period",1999,"TreatPre-Period"
"New York",1994,"Pre-Pairty","NoTreatPre-Period",1999,"TreatPre-Period"
"New York",1995,"Pre-Pairty","NoTreatPre-Period",1999,"TreatPre-Period"
"New York",1996,"Pre-Pairty","NoTreatPre-Period",1999,"TreatPre-Period"
"New York",1997,"Pre-Pairty","NoTreatPre-Period",1999,"TreatPre-Period"
"New York",1998,"Pre-Pairty","NoTreatPre-Period",1999,"TreatPost-Period"
"New York",1999,"Post-Parity","NoTreatPre-Period",1999,"TreatPost-Period"
"New York",2000,"Post-Parity","NoTreatPre-Period",1999,"TreatPost-Period"
"New York",2001,"Post-Parity","NoTreatPre-Period",1999,"TreatPost-Period"
"New York",2002,"Post-Parity","NoTreatPre-Period",1999,"TreatPost-Period"
"New York",2003,"Post-Parity","NoTreatPre-Period",1999,"TreatPost-Period"
"New York",2004,"Post-Parity","NoTreatPre-Period",1999,"TreatPost-Period"
"North Carolina",1990,"No-Parity","NoTreatPre-Period",0,"TreatPre-Period"
"North Carolina",1991,"No-Parity","NoTreatPre-Period",0,"TreatPre-Period"
"North Carolina",1992,"No-Parity","NoTreatPre-Period",0,"TreatPre-Period"
"North Carolina",1993,"No-Parity","NoTreatPre-Period",0,"TreatPre-Period"
"North Carolina",1994,"No-Parity","NoTreatPre-Period",0,"TreatPre-Period"
"North Carolina",1995,"No-Parity","NoTreatPre-Period",0,"TreatPre-Period"
"North Carolina",1996,"No-Parity","NoTreatPre-Period",0,"TreatPre-Period"
"North Carolina",1997,"No-Parity","NoTreatPre-Period",0,"TreatPre-Period"
"North Carolina",1998,"No-Parity","NoTreatPost-Period",0,"TreatPre-Period"
"North Carolina",1999,"No-Parity","NoTreatPost-Period",0,"TreatPre-Period"
"North Carolina",2000,"No-Parity","NoTreatPost-Period",0,"TreatPre-Period"
"North Carolina",2001,"No-Parity","NoTreatPost-Period",0,"TreatPre-Period"
"North Carolina",2002,"No-Parity","NoTreatPost-Period",0,"TreatPre-Period"
"North Carolina",2003,"No-Parity","NoTreatPost-Period",0,"TreatPre-Period"
"North Carolina",2004,"No-Parity","NoTreatPost-Period",0,"TreatPre-Period"
"North Dakota",1990,"Pre-Pairty","NoTreatPre-Period",1996,"TreatPre-Period"
"North Dakota",1991,"Pre-Pairty","NoTreatPre-Period",1996,"TreatPre-Period"
"North Dakota",1992,"Pre-Pairty","NoTreatPre-Period",1996,"TreatPre-Period"
"North Dakota",1993,"Pre-Pairty","NoTreatPre-Period",1996,"TreatPre-Period"
"North Dakota",1994,"Pre-Pairty","NoTreatPre-Period",1996,"TreatPre-Period"
"North Dakota",1995,"Pre-Pairty","NoTreatPre-Period",1996,"TreatPre-Period"
"North Dakota",1996,"Post-Parity","NoTreatPre-Period",1996,"TreatPre-Period"
"North Dakota",1997,"Post-Parity","NoTreatPre-Period",1996,"TreatPre-Period"
"North Dakota",1998,"Post-Parity","NoTreatPre-Period",1996,"TreatPost-Period"
"North Dakota",1999,"Post-Parity","NoTreatPre-Period",1996,"TreatPost-Period"
"North Dakota",2000,"Post-Parity","NoTreatPre-Period",1996,"TreatPost-Period"
"North Dakota",2001,"Post-Parity","NoTreatPre-Period",1996,"TreatPost-Period"
"North Dakota",2002,"Post-Parity","NoTreatPre-Period",1996,"TreatPost-Period"
"North Dakota",2003,"Post-Parity","NoTreatPre-Period",1996,"TreatPost-Period"
"North Dakota",2004,"Post-Parity","NoTreatPre-Period",1996,"TreatPost-Period"
"Ohio",1990,"No-Parity","NoTreatPre-Period",0,"TreatPre-Period"
"Ohio",1991,"No-Parity","NoTreatPre-Period",0,"TreatPre-Period"
"Ohio",1992,"No-Parity","NoTreatPre-Period",0,"TreatPre-Period"
"Ohio",1993,"No-Parity","NoTreatPre-Period",0,"TreatPre-Period"
"Ohio",1994,"No-Parity","NoTreatPre-Period",0,"TreatPre-Period"
"Ohio",1995,"No-Parity","NoTreatPre-Period",0,"TreatPre-Period"
"Ohio",1996,"No-Parity","NoTreatPre-Period",0,"TreatPre-Period"
"Ohio",1997,"No-Parity","NoTreatPre-Period",0,"TreatPre-Period"
"Ohio",1998,"No-Parity","NoTreatPost-Period",0,"TreatPre-Period"
"Ohio",1999,"No-Parity","NoTreatPost-Period",0,"TreatPre-Period"
"Ohio",2000,"No-Parity","NoTreatPost-Period",0,"TreatPre-Period"
"Ohio",2001,"No-Parity","NoTreatPost-Period",0,"TreatPre-Period"
"Ohio",2002,"No-Parity","NoTreatPost-Period",0,"TreatPre-Period"
"Ohio",2003,"No-Parity","NoTreatPost-Period",0,"TreatPre-Period"
"Ohio",2004,"No-Parity","NoTreatPost-Period",0,"TreatPre-Period"
"Oklahoma",1990,"Pre-Pairty","NoTreatPre-Period",2000,"TreatPre-Period"
"Oklahoma",1991,"Pre-Pairty","NoTreatPre-Period",2000,"TreatPre-Period"
"Oklahoma",1992,"Pre-Pairty","NoTreatPre-Period",2000,"TreatPre-Period"
"Oklahoma",1993,"Pre-Pairty","NoTreatPre-Period",2000,"TreatPre-Period"
"Oklahoma",1994,"Pre-Pairty","NoTreatPre-Period",2000,"TreatPre-Period"
"Oklahoma",1995,"Pre-Pairty","NoTreatPre-Period",2000,"TreatPre-Period"
"Oklahoma",1996,"Pre-Pairty","NoTreatPre-Period",2000,"TreatPre-Period"
"Oklahoma",1997,"Pre-Pairty","NoTreatPre-Period",2000,"TreatPre-Period"
"Oklahoma",1998,"Pre-Pairty","NoTreatPre-Period",2000,"TreatPost-Period"
"Oklahoma",1999,"Pre-Pairty","NoTreatPre-Period",2000,"TreatPost-Period"
"Oklahoma",2000,"Post-Parity","NoTreatPre-Period",2000,"TreatPost-Period"
"Oklahoma",2001,"Post-Parity","NoTreatPre-Period",2000,"TreatPost-Period"
"Oklahoma",2002,"Post-Parity","NoTreatPre-Period",2000,"TreatPost-Period"
"Oklahoma",2003,"Post-Parity","NoTreatPre-Period",2000,"TreatPost-Period"
"Oklahoma",2004,"Post-Parity","NoTreatPre-Period",2000,"TreatPost-Period"
"Oregon",1990,"No-Parity","NoTreatPre-Period",0,"TreatPre-Period"
"Oregon",1991,"No-Parity","NoTreatPre-Period",0,"TreatPre-Period"
"Oregon",1992,"No-Parity","NoTreatPre-Period",0,"TreatPre-Period"
"Oregon",1993,"No-Parity","NoTreatPre-Period",0,"TreatPre-Period"
"Oregon",1994,"No-Parity","NoTreatPre-Period",0,"TreatPre-Period"
"Oregon",1995,"No-Parity","NoTreatPre-Period",0,"TreatPre-Period"
"Oregon",1996,"No-Parity","NoTreatPre-Period",0,"TreatPre-Period"
"Oregon",1997,"No-Parity","NoTreatPre-Period",0,"TreatPre-Period"
"Oregon",1998,"No-Parity","NoTreatPost-Period",0,"TreatPre-Period"
"Oregon",1999,"No-Parity","NoTreatPost-Period",0,"TreatPre-Period"
"Oregon",2000,"No-Parity","NoTreatPost-Period",0,"TreatPre-Period"
"Oregon",2001,"No-Parity","NoTreatPost-Period",0,"TreatPre-Period"
"Oregon",2002,"No-Parity","NoTreatPost-Period",0,"TreatPre-Period"
"Oregon",2003,"No-Parity","NoTreatPost-Period",0,"TreatPre-Period"
"Oregon",2004,"No-Parity","NoTreatPost-Period",0,"TreatPre-Period"
"Pennsylvania",1990,"No-Parity","NoTreatPre-Period",0,"TreatPre-Period"
"Pennsylvania",1991,"No-Parity","NoTreatPre-Period",0,"TreatPre-Period"
"Pennsylvania",1992,"No-Parity","NoTreatPre-Period",0,"TreatPre-Period"
"Pennsylvania",1993,"No-Parity","NoTreatPre-Period",0,"TreatPre-Period"
"Pennsylvania",1994,"No-Parity","NoTreatPre-Period",0,"TreatPre-Period"
"Pennsylvania",1995,"No-Parity","NoTreatPre-Period",0,"TreatPre-Period"
"Pennsylvania",1996,"No-Parity","NoTreatPre-Period",0,"TreatPre-Period"
"Pennsylvania",1997,"No-Parity","NoTreatPre-Period",0,"TreatPre-Period"
"Pennsylvania",1998,"No-Parity","NoTreatPost-Period",0,"TreatPre-Period"
"Pennsylvania",1999,"No-Parity","NoTreatPost-Period",0,"TreatPre-Period"
"Pennsylvania",2000,"No-Parity","NoTreatPost-Period",0,"TreatPre-Period"
"Pennsylvania",2001,"No-Parity","NoTreatPost-Period",0,"TreatPre-Period"
"Pennsylvania",2002,"No-Parity","NoTreatPost-Period",0,"TreatPre-Period"
"Pennsylvania",2003,"No-Parity","NoTreatPost-Period",0,"TreatPre-Period"
"Pennsylvania",2004,"No-Parity","NoTreatPost-Period",0,"TreatPre-Period"
"Rhode Island",1990,"Pre-Pairty","NoTreatPre-Period",1995,"TreatPre-Period"
"Rhode Island",1991,"Pre-Pairty","NoTreatPre-Period",1995,"TreatPre-Period"
"Rhode Island",1992,"Pre-Pairty","NoTreatPre-Period",1995,"TreatPre-Period"
"Rhode Island",1993,"Pre-Pairty","NoTreatPre-Period",1995,"TreatPre-Period"
"Rhode Island",1994,"Pre-Pairty","NoTreatPre-Period",1995,"TreatPre-Period"
"Rhode Island",1995,"Post-Parity","NoTreatPre-Period",1995,"TreatPre-Period"
"Rhode Island",1996,"Post-Parity","NoTreatPre-Period",1995,"TreatPre-Period"
"Rhode Island",1997,"Post-Parity","NoTreatPre-Period",1995,"TreatPre-Period"
"Rhode Island",1998,"Post-Parity","NoTreatPre-Period",1995,"TreatPost-Period"
"Rhode Island",1999,"Post-Parity","NoTreatPre-Period",1995,"TreatPost-Period"
"Rhode Island",2000,"Post-Parity","NoTreatPre-Period",1995,"TreatPost-Period"
"Rhode Island",2001,"Post-Parity","NoTreatPre-Period",1995,"TreatPost-Period"
"Rhode Island",2002,"Post-Parity","NoTreatPre-Period",1995,"TreatPost-Period"
"Rhode Island",2003,"Post-Parity","NoTreatPre-Period",1995,"TreatPost-Period"
"Rhode Island",2004,"Post-Parity","NoTreatPre-Period",1995,"TreatPost-Period"
"South Carolina",1990,"No-Parity","NoTreatPre-Period",0,"TreatPre-Period"
"South Carolina",1991,"No-Parity","NoTreatPre-Period",0,"TreatPre-Period"
"South Carolina",1992,"No-Parity","NoTreatPre-Period",0,"TreatPre-Period"
"South Carolina",1993,"No-Parity","NoTreatPre-Period",0,"TreatPre-Period"
"South Carolina",1994,"No-Parity","NoTreatPre-Period",0,"TreatPre-Period"
"South Carolina",1995,"No-Parity","NoTreatPre-Period",0,"TreatPre-Period"
"South Carolina",1996,"No-Parity","NoTreatPre-Period",0,"TreatPre-Period"
"South Carolina",1997,"No-Parity","NoTreatPre-Period",0,"TreatPre-Period"
"South Carolina",1998,"No-Parity","NoTreatPost-Period",0,"TreatPre-Period"
"South Carolina",1999,"No-Parity","NoTreatPost-Period",0,"TreatPre-Period"
"South Carolina",2000,"No-Parity","NoTreatPost-Period",0,"TreatPre-Period"
"South Carolina",2001,"No-Parity","NoTreatPost-Period",0,"TreatPre-Period"
"South Carolina",2002,"No-Parity","NoTreatPost-Period",0,"TreatPre-Period"
"South Carolina",2003,"No-Parity","NoTreatPost-Period",0,"TreatPre-Period"
"South Carolina",2004,"No-Parity","NoTreatPost-Period",0,"TreatPre-Period"
"South Dakota",1990,"Pre-Pairty","NoTreatPre-Period",1998,"TreatPre-Period"
"South Dakota",1991,"Pre-Pairty","NoTreatPre-Period",1998,"TreatPre-Period"
"South Dakota",1992,"Pre-Pairty","NoTreatPre-Period",1998,"TreatPre-Period"
"South Dakota",1993,"Pre-Pairty","NoTreatPre-Period",1998,"TreatPre-Period"
"South Dakota",1994,"Pre-Pairty","NoTreatPre-Period",1998,"TreatPre-Period"
"South Dakota",1995,"Pre-Pairty","NoTreatPre-Period",1998,"TreatPre-Period"
"South Dakota",1996,"Pre-Pairty","NoTreatPre-Period",1998,"TreatPre-Period"
"South Dakota",1997,"Pre-Pairty","NoTreatPre-Period",1998,"TreatPre-Period"
"South Dakota",1998,"Post-Parity","NoTreatPre-Period",1998,"TreatPost-Period"
"South Dakota",1999,"Post-Parity","NoTreatPre-Period",1998,"TreatPost-Period"
"South Dakota",2000,"Post-Parity","NoTreatPre-Period",1998,"TreatPost-Period"
"South Dakota",2001,"Post-Parity","NoTreatPre-Period",1998,"TreatPost-Period"
"South Dakota",2002,"Post-Parity","NoTreatPre-Period",1998,"TreatPost-Period"
"South Dakota",2003,"Post-Parity","NoTreatPre-Period",1998,"TreatPost-Period"
"South Dakota",2004,"Post-Parity","NoTreatPre-Period",1998,"TreatPost-Period"
"Tennessee",1990,"No-Parity","NoTreatPre-Period",0,"TreatPre-Period"
"Tennessee",1991,"No-Parity","NoTreatPre-Period",0,"TreatPre-Period"
"Tennessee",1992,"No-Parity","NoTreatPre-Period",0,"TreatPre-Period"
"Tennessee",1993,"No-Parity","NoTreatPre-Period",0,"TreatPre-Period"
"Tennessee",1994,"No-Parity","NoTreatPre-Period",0,"TreatPre-Period"
"Tennessee",1995,"No-Parity","NoTreatPre-Period",0,"TreatPre-Period"
"Tennessee",1996,"No-Parity","NoTreatPre-Period",0,"TreatPre-Period"
"Tennessee",1997,"No-Parity","NoTreatPre-Period",0,"TreatPre-Period"
"Tennessee",1998,"No-Parity","NoTreatPost-Period",0,"TreatPre-Period"
"Tennessee",1999,"No-Parity","NoTreatPost-Period",0,"TreatPre-Period"
"Tennessee",2000,"No-Parity","NoTreatPost-Period",0,"TreatPre-Period"
"Tennessee",2001,"No-Parity","NoTreatPost-Period",0,"TreatPre-Period"
"Tennessee",2002,"No-Parity","NoTreatPost-Period",0,"TreatPre-Period"
"Tennessee",2003,"No-Parity","NoTreatPost-Period",0,"TreatPre-Period"
"Tennessee",2004,"No-Parity","NoTreatPost-Period",0,"TreatPre-Period"
"Texas",1990,"Pre-Pairty","NoTreatPre-Period",1998,"TreatPre-Period"
"Texas",1991,"Pre-Pairty","NoTreatPre-Period",1998,"TreatPre-Period"
"Texas",1992,"Pre-Pairty","NoTreatPre-Period",1998,"TreatPre-Period"
"Texas",1993,"Pre-Pairty","NoTreatPre-Period",1998,"TreatPre-Period"
"Texas",1994,"Pre-Pairty","NoTreatPre-Period",1998,"TreatPre-Period"
"Texas",1995,"Pre-Pairty","NoTreatPre-Period",1998,"TreatPre-Period"
"Texas",1996,"Pre-Pairty","NoTreatPre-Period",1998,"TreatPre-Period"
"Texas",1997,"Pre-Pairty","NoTreatPre-Period",1998,"TreatPre-Period"
"Texas",1998,"Post-Parity","NoTreatPre-Period",1998,"TreatPost-Period"
"Texas",1999,"Post-Parity","NoTreatPre-Period",1998,"TreatPost-Period"
"Texas",2000,"Post-Parity","NoTreatPre-Period",1998,"TreatPost-Period"
"Texas",2001,"Post-Parity","NoTreatPre-Period",1998,"TreatPost-Period"
"Texas",2002,"Post-Parity","NoTreatPre-Period",1998,"TreatPost-Period"
"Texas",2003,"Post-Parity","NoTreatPre-Period",1998,"TreatPost-Period"
"Texas",2004,"Post-Parity","NoTreatPre-Period",1998,"TreatPost-Period"
"Utah",1990,"Pre-Pairty","NoTreatPre-Period",2001,"TreatPre-Period"
"Utah",1991,"Pre-Pairty","NoTreatPre-Period",2001,"TreatPre-Period"
"Utah",1992,"Pre-Pairty","NoTreatPre-Period",2001,"TreatPre-Period"
"Utah",1993,"Pre-Pairty","NoTreatPre-Period",2001,"TreatPre-Period"
"Utah",1994,"Pre-Pairty","NoTreatPre-Period",2001,"TreatPre-Period"
"Utah",1995,"Pre-Pairty","NoTreatPre-Period",2001,"TreatPre-Period"
"Utah",1996,"Pre-Pairty","NoTreatPre-Period",2001,"TreatPre-Period"
"Utah",1997,"Pre-Pairty","NoTreatPre-Period",2001,"TreatPre-Period"
"Utah",1998,"Pre-Pairty","NoTreatPre-Period",2001,"TreatPost-Period"
"Utah",1999,"Pre-Pairty","NoTreatPre-Period",2001,"TreatPost-Period"
"Utah",2000,"Pre-Pairty","NoTreatPre-Period",2001,"TreatPost-Period"
"Utah",2001,"Post-Parity","NoTreatPre-Period",2001,"TreatPost-Period"
"Utah",2002,"Post-Parity","NoTreatPre-Period",2001,"TreatPost-Period"
"Utah",2003,"Post-Parity","NoTreatPre-Period",2001,"TreatPost-Period"
"Utah",2004,"Post-Parity","NoTreatPre-Period",2001,"TreatPost-Period"
"Vermont",1990,"Pre-Pairty","NoTreatPre-Period",1998,"TreatPre-Period"
"Vermont",1991,"Pre-Pairty","NoTreatPre-Period",1998,"TreatPre-Period"
"Vermont",1992,"Pre-Pairty","NoTreatPre-Period",1998,"TreatPre-Period"
"Vermont",1993,"Pre-Pairty","NoTreatPre-Period",1998,"TreatPre-Period"
"Vermont",1994,"Pre-Pairty","NoTreatPre-Period",1998,"TreatPre-Period"
"Vermont",1995,"Pre-Pairty","NoTreatPre-Period",1998,"TreatPre-Period"
"Vermont",1996,"Pre-Pairty","NoTreatPre-Period",1998,"TreatPre-Period"
"Vermont",1997,"Pre-Pairty","NoTreatPre-Period",1998,"TreatPre-Period"
"Vermont",1998,"Post-Parity","NoTreatPre-Period",1998,"TreatPost-Period"
"Vermont",1999,"Post-Parity","NoTreatPre-Period",1998,"TreatPost-Period"
"Vermont",2000,"Post-Parity","NoTreatPre-Period",1998,"TreatPost-Period"
"Vermont",2001,"Post-Parity","NoTreatPre-Period",1998,"TreatPost-Period"
"Vermont",2002,"Post-Parity","NoTreatPre-Period",1998,"TreatPost-Period"
"Vermont",2003,"Post-Parity","NoTreatPre-Period",1998,"TreatPost-Period"
"Vermont",2004,"Post-Parity","NoTreatPre-Period",1998,"TreatPost-Period"
"Virginia",1990,"Pre-Pairty","NoTreatPre-Period",2000,"TreatPre-Period"
"Virginia",1991,"Pre-Pairty","NoTreatPre-Period",2000,"TreatPre-Period"
"Virginia",1992,"Pre-Pairty","NoTreatPre-Period",2000,"TreatPre-Period"
"Virginia",1993,"Pre-Pairty","NoTreatPre-Period",2000,"TreatPre-Period"
"Virginia",1994,"Pre-Pairty","NoTreatPre-Period",2000,"TreatPre-Period"
"Virginia",1995,"Pre-Pairty","NoTreatPre-Period",2000,"TreatPre-Period"
"Virginia",1996,"Pre-Pairty","NoTreatPre-Period",2000,"TreatPre-Period"
"Virginia",1997,"Pre-Pairty","NoTreatPre-Period",2000,"TreatPre-Period"
"Virginia",1998,"Pre-Pairty","NoTreatPre-Period",2000,"TreatPost-Period"
"Virginia",1999,"Pre-Pairty","NoTreatPre-Period",2000,"TreatPost-Period"
"Virginia",2000,"Post-Parity","NoTreatPre-Period",2000,"TreatPost-Period"
"Virginia",2001,"Post-Parity","NoTreatPre-Period",2000,"TreatPost-Period"
"Virginia",2002,"Post-Parity","NoTreatPre-Period",2000,"TreatPost-Period"
"Virginia",2003,"Post-Parity","NoTreatPre-Period",2000,"TreatPost-Period"
"Virginia",2004,"Post-Parity","NoTreatPre-Period",2000,"TreatPost-Period"
"Washington",1990,"No-Parity","NoTreatPre-Period",0,"TreatPre-Period"
"Washington",1991,"No-Parity","NoTreatPre-Period",0,"TreatPre-Period"
"Washington",1992,"No-Parity","NoTreatPre-Period",0,"TreatPre-Period"
"Washington",1993,"No-Parity","NoTreatPre-Period",0,"TreatPre-Period"
"Washington",1994,"No-Parity","NoTreatPre-Period",0,"TreatPre-Period"
"Washington",1995,"No-Parity","NoTreatPre-Period",0,"TreatPre-Period"
"Washington",1996,"No-Parity","NoTreatPre-Period",0,"TreatPre-Period"
"Washington",1997,"No-Parity","NoTreatPre-Period",0,"TreatPre-Period"
"Washington",1998,"No-Parity","NoTreatPost-Period",0,"TreatPre-Period"
"Washington",1999,"No-Parity","NoTreatPost-Period",0,"TreatPre-Period"
"Washington",2000,"No-Parity","NoTreatPost-Period",0,"TreatPre-Period"
"Washington",2001,"No-Parity","NoTreatPost-Period",0,"TreatPre-Period"
"Washington",2002,"No-Parity","NoTreatPost-Period",0,"TreatPre-Period"
"Washington",2003,"No-Parity","NoTreatPost-Period",0,"TreatPre-Period"
"Washington",2004,"No-Parity","NoTreatPost-Period",0,"TreatPre-Period"
"West Virginia",1990,"Pre-Pairty","NoTreatPre-Period",2002,"TreatPre-Period"
"West Virginia",1991,"Pre-Pairty","NoTreatPre-Period",2002,"TreatPre-Period"
"West Virginia",1992,"Pre-Pairty","NoTreatPre-Period",2002,"TreatPre-Period"
"West Virginia",1993,"Pre-Pairty","NoTreatPre-Period",2002,"TreatPre-Period"
"West Virginia",1994,"Pre-Pairty","NoTreatPre-Period",2002,"TreatPre-Period"
"West Virginia",1995,"Pre-Pairty","NoTreatPre-Period",2002,"TreatPre-Period"
"West Virginia",1996,"Pre-Pairty","NoTreatPre-Period",2002,"TreatPre-Period"
"West Virginia",1997,"Pre-Pairty","NoTreatPre-Period",2002,"TreatPre-Period"
"West Virginia",1998,"Pre-Pairty","NoTreatPre-Period",2002,"TreatPost-Period"
"West Virginia",1999,"Pre-Pairty","NoTreatPre-Period",2002,"TreatPost-Period"
"West Virginia",2000,"Pre-Pairty","NoTreatPre-Period",2002,"TreatPost-Period"
"West Virginia",2001,"Pre-Pairty","NoTreatPre-Period",2002,"TreatPost-Period"
"West Virginia",2002,"Post-Parity","NoTreatPre-Period",2002,"TreatPost-Period"
"West Virginia",2003,"Post-Parity","NoTreatPre-Period",2002,"TreatPost-Period"
"West Virginia",2004,"Post-Parity","NoTreatPre-Period",2002,"TreatPost-Period"
"Wisconsin",1990,"No-Parity","NoTreatPre-Period",0,"TreatPre-Period"
"Wisconsin",1991,"No-Parity","NoTreatPre-Period",0,"TreatPre-Period"
"Wisconsin",1992,"No-Parity","NoTreatPre-Period",0,"TreatPre-Period"
"Wisconsin",1993,"No-Parity","NoTreatPre-Period",0,"TreatPre-Period"
"Wisconsin",1994,"No-Parity","NoTreatPre-Period",0,"TreatPre-Period"
"Wisconsin",1995,"No-Parity","NoTreatPre-Period",0,"TreatPre-Period"
"Wisconsin",1996,"No-Parity","NoTreatPre-Period",0,"TreatPre-Period"
"Wisconsin",1997,"No-Parity","NoTreatPre-Period",0,"TreatPre-Period"
"Wisconsin",1998,"No-Parity","NoTreatPost-Period",0,"TreatPre-Period"
"Wisconsin",1999,"No-Parity","NoTreatPost-Period",0,"TreatPre-Period"
"Wisconsin",2000,"No-Parity","NoTreatPost-Period",0,"TreatPre-Period"
"Wisconsin",2001,"No-Parity","NoTreatPost-Period",0,"TreatPre-Period"
"Wisconsin",2002,"No-Parity","NoTreatPost-Period",0,"TreatPre-Period"
"Wisconsin",2003,"No-Parity","NoTreatPost-Period",0,"TreatPre-Period"
"Wisconsin",2004,"No-Parity","NoTreatPost-Period",0,"TreatPre-Period"
"Wyoming",1990,"No-Parity","NoTreatPre-Period",0,"TreatPre-Period"
"Wyoming",1991,"No-Parity","NoTreatPre-Period",0,"TreatPre-Period"
"Wyoming",1992,"No-Parity","NoTreatPre-Period",0,"TreatPre-Period"
"Wyoming",1993,"No-Parity","NoTreatPre-Period",0,"TreatPre-Period"
"Wyoming",1994,"No-Parity","NoTreatPre-Period",0,"TreatPre-Period"
"Wyoming",1995,"No-Parity","NoTreatPre-Period",0,"TreatPre-Period"
"Wyoming",1996,"No-Parity","NoTreatPre-Period",0,"TreatPre-Period"
"Wyoming",1997,"No-Parity","NoTreatPre-Period",0,"TreatPre-Period"
"Wyoming",1998,"No-Parity","NoTreatPost-Period",0,"TreatPre-Period"
"Wyoming",1999,"No-Parity","NoTreatPost-Period",0,"TreatPre-Period"
"Wyoming",2000,"No-Parity","NoTreatPost-Period",0,"TreatPre-Period"
"Wyoming",2001,"No-Parity","NoTreatPost-Period",0,"TreatPre-Period"
"Wyoming",2002,"No-Parity","NoTreatPost-Period",0,"TreatPre-Period"
"Wyoming",2003,"No-Parity","NoTreatPost-Period",0,"TreatPre-Period"
"Wyoming",2004,"No-Parity","NoTreatPost-Period",0,"TreatPre-Period"
